PN,Hz1,V1,D
1001,0,1.570567272,15.78339321
1002,0.476754066,1.570309441,15.84049355
1003,2.703209388,1.5703878,17.03890063